text,href,className,parentText,outerHTML
넥스트증권 각 부문별 경력직 대규모 채용,https://www.jobkorea.co.kr/Recruit/GI_Read/49255374?Oem_Code=C1&logpath=1&stext=ai+engineer&listno=1&sc=630,mb-0.5 flex max-w-[700px] items-center gap-1.5,넥스트증권 각 부문별 경력직 대규모 채용,"<a href=""https://www.jobkorea.co.kr/Recruit/GI_Read/49255374?Oem_Code=C1&amp;logpath=1&amp;stext=ai+engineer&amp;listno=1&amp;sc=630"" rel=""noopener noreferrer"" target=""_blank"" class=""mb-0.5 flex max-w-[700px] items-center gap-1.5"" data-interactive=""true"" data-sentry-element=""BaseLink"" data-sentry-component=""Title"" data-sentry-source-file=""index.tsx""><span class=""truncate font-semibold text-typo-b1-18 text-gray900"">넥스트증권 각 부문별 경력직 대규모 채용</span></a>"
경기청년 일자리 매치업 1차 채용공고,https://www.jobkorea.co.kr/Recruit/GI_Read/48904380?Oem_Code=C1&logpath=1&stext=ai+engineer&listno=2&sc=630,mb-0.5 flex max-w-[700px] items-center gap-1.5,경기청년 일자리 매치업 1차 채용공고,"<a href=""https://www.jobkorea.co.kr/Recruit/GI_Read/48904380?Oem_Code=C1&amp;logpath=1&amp;stext=ai+engineer&amp;listno=2&amp;sc=630"" rel=""noopener noreferrer"" target=""_blank"" class=""mb-0.5 flex max-w-[700px] items-center gap-1.5"" data-interactive=""true"" data-sentry-element=""BaseLink"" data-sentry-component=""Title"" data-sentry-source-file=""index.tsx""><span class=""truncate font-semibold text-typo-b1-18 text-gray900"">경기청년 일자리 매치업 1차 채용공고</span></a>"
[온코리아] 신입 및 경력 공개 채용,https://www.jobkorea.co.kr/Recruit/GI_Read/49141373?Oem_Code=C1&logpath=1&stext=ai+engineer&listno=3&sc=630,mb-0.5 flex max-w-[700px] items-center gap-1.5,[온코리아] 신입 및 경력 공개 채용,"<a href=""https://www.jobkorea.co.kr/Recruit/GI_Read/49141373?Oem_Code=C1&amp;logpath=1&amp;stext=ai+engineer&amp;listno=3&amp;sc=630"" rel=""noopener noreferrer"" target=""_blank"" class=""mb-0.5 flex max-w-[700px] items-center gap-1.5"" data-interactive=""true"" data-sentry-element=""BaseLink"" data-sentry-component=""Title"" data-sentry-source-file=""index.tsx""><span class=""truncate font-semibold text-typo-b1-18 text-gray900"">[온코리아] 신입 및 경력 공개 채용</span></a>"
[신입/경력] AI Engineer,https://www.jobkorea.co.kr/Recruit/GI_Read/49266123?Oem_Code=C1&logpath=1&stext=ai+engineer&listno=4&sc=630,mb-0.5 flex max-w-[700px] items-center gap-1.5,[신입/경력] AI Engineer,"<a href=""https://www.jobkorea.co.kr/Recruit/GI_Read/49266123?Oem_Code=C1&amp;logpath=1&amp;stext=ai+engineer&amp;listno=4&amp;sc=630"" rel=""noopener noreferrer"" target=""_blank"" class=""mb-0.5 flex max-w-[700px] items-center gap-1.5"" data-interactive=""true"" data-sentry-element=""BaseLink"" data-sentry-component=""Title"" data-sentry-source-file=""index.tsx""><span class=""truncate font-semibold text-typo-b1-18 text-gray900"">[신입/경력] AI Engineer</span></a>"
(주)모스티소프트 AI 엔지니어 채용,https://www.jobkorea.co.kr/Recruit/GI_Read/49012293?Oem_Code=C1&logpath=1&stext=ai+engineer&listno=5&sc=630,mb-0.5 flex max-w-[700px] items-center gap-1.5,(주)모스티소프트 AI 엔지니어 채용,"<a href=""https://www.jobkorea.co.kr/Recruit/GI_Read/49012293?Oem_Code=C1&amp;logpath=1&amp;stext=ai+engineer&amp;listno=5&amp;sc=630"" rel=""noopener noreferrer"" target=""_blank"" class=""mb-0.5 flex max-w-[700px] items-center gap-1.5"" data-interactive=""true"" data-sentry-element=""BaseLink"" data-sentry-component=""Title"" data-sentry-source-file=""index.tsx""><span class=""truncate font-semibold text-typo-b1-18 text-gray900"">(주)모스티소프트 AI 엔지니어 채용</span></a>"
[신입(전환형 인턴)/경력] AI Engineer(Financial Services),https://www.jobkorea.co.kr/Recruit/GI_Read/49071453?Oem_Code=C1&logpath=1&stext=ai+engineer&listno=6&sc=630,mb-0.5 flex max-w-[700px] items-center gap-1.5,[신입(전환형 인턴)/경력] AI Engineer(Financial Services),"<a href=""https://www.jobkorea.co.kr/Recruit/GI_Read/49071453?Oem_Code=C1&amp;logpath=1&amp;stext=ai+engineer&amp;listno=6&amp;sc=630"" rel=""noopener noreferrer"" target=""_blank"" class=""mb-0.5 flex max-w-[700px] items-center gap-1.5"" data-interactive=""true"" data-sentry-element=""BaseLink"" data-sentry-component=""Title"" data-sentry-source-file=""index.tsx""><span class=""truncate font-semibold text-typo-b1-18 text-gray900"">[신입(전환형 인턴)/경력] AI Engineer(Financial Services)</span></a>"
AI Application / AI Engineer (신입 및 경력 3년 이상),https://www.jobkorea.co.kr/Recruit/GI_Read/49179812?Oem_Code=C1&logpath=1&stext=ai+engineer&listno=7&sc=630,mb-0.5 flex max-w-[700px] items-center gap-1.5,AI Application / AI Engineer (신입 및 경력 3년 이상),"<a href=""https://www.jobkorea.co.kr/Recruit/GI_Read/49179812?Oem_Code=C1&amp;logpath=1&amp;stext=ai+engineer&amp;listno=7&amp;sc=630"" rel=""noopener noreferrer"" target=""_blank"" class=""mb-0.5 flex max-w-[700px] items-center gap-1.5"" data-interactive=""true"" data-sentry-element=""BaseLink"" data-sentry-component=""Title"" data-sentry-source-file=""index.tsx""><span class=""truncate font-semibold text-typo-b1-18 text-gray900"">AI Application / AI Engineer (신입 및 경력 3년 이상)</span></a>"
AIR 부문 AI 전문 Engineer 채용 (경력),https://www.jobkorea.co.kr/Recruit/GI_Read/48935872?Oem_Code=C1&logpath=1&stext=ai+engineer&listno=8&sc=630,mb-0.5 flex max-w-[700px] items-center gap-1.5,AIR 부문 AI 전문 Engineer 채용 (경력),"<a href=""https://www.jobkorea.co.kr/Recruit/GI_Read/48935872?Oem_Code=C1&amp;logpath=1&amp;stext=ai+engineer&amp;listno=8&amp;sc=630"" rel=""noopener noreferrer"" target=""_blank"" class=""mb-0.5 flex max-w-[700px] items-center gap-1.5"" data-interactive=""true"" data-sentry-element=""BaseLink"" data-sentry-component=""Title"" data-sentry-source-file=""index.tsx""><span class=""truncate font-semibold text-typo-b1-18 text-gray900"">AIR 부문 AI 전문 Engineer 채용 (경력)</span></a>"
2026년 (주)인투알 각 부문별 수시채용,https://www.jobkorea.co.kr/Recruit/GI_Read/49298706?Oem_Code=C1&logpath=1&stext=ai+engineer&listno=9&sc=630,mb-0.5 flex max-w-[700px] items-center gap-1.5,2026년 (주)인투알 각 부문별 수시채용,"<a href=""https://www.jobkorea.co.kr/Recruit/GI_Read/49298706?Oem_Code=C1&amp;logpath=1&amp;stext=ai+engineer&amp;listno=9&amp;sc=630"" rel=""noopener noreferrer"" target=""_blank"" class=""mb-0.5 flex max-w-[700px] items-center gap-1.5"" data-interactive=""true"" data-sentry-element=""BaseLink"" data-sentry-component=""Title"" data-sentry-source-file=""index.tsx""><span class=""truncate font-semibold text-typo-b1-18 text-gray900"">2026년 (주)인투알 각 부문별 수시채용</span></a>"
[Ultron WASM] AI 프롬프트 엔지니어 인턴 채용,https://www.jobkorea.co.kr/Recruit/GI_Read/49132250?Oem_Code=C1&logpath=1&stext=ai+engineer&listno=10&sc=630,mb-0.5 flex max-w-[700px] items-center gap-1.5,[Ultron WASM] AI 프롬프트 엔지니어 인턴 채용,"<a href=""https://www.jobkorea.co.kr/Recruit/GI_Read/49132250?Oem_Code=C1&amp;logpath=1&amp;stext=ai+engineer&amp;listno=10&amp;sc=630"" rel=""noopener noreferrer"" target=""_blank"" class=""mb-0.5 flex max-w-[700px] items-center gap-1.5"" data-interactive=""true"" data-sentry-element=""BaseLink"" data-sentry-component=""Title"" data-sentry-source-file=""index.tsx""><span class=""truncate font-semibold text-typo-b1-18 text-gray900"">[Ultron WASM] AI 프롬프트 엔지니어 인턴 채용</span></a>"
AI-Native Engineer,https://www.jobkorea.co.kr/Recruit/GI_Read/49083311?Oem_Code=C1&logpath=1&stext=ai+engineer&listno=11&sc=630,mb-0.5 flex max-w-[700px] items-center gap-1.5,AI-Native Engineer,"<a href=""https://www.jobkorea.co.kr/Recruit/GI_Read/49083311?Oem_Code=C1&amp;logpath=1&amp;stext=ai+engineer&amp;listno=11&amp;sc=630"" rel=""noopener noreferrer"" target=""_blank"" class=""mb-0.5 flex max-w-[700px] items-center gap-1.5"" data-interactive=""true"" data-sentry-element=""BaseLink"" data-sentry-component=""Title"" data-sentry-source-file=""index.tsx""><span class=""truncate font-semibold text-typo-b1-18 text-gray900"">AI-Native Engineer</span></a>"
AI-Native Full-stack Product Engineer (Junior),https://www.jobkorea.co.kr/Recruit/GI_Read/49274752?Oem_Code=C1&logpath=1&stext=ai+engineer&listno=12&sc=630,mb-0.5 flex max-w-[700px] items-center gap-1.5,AI-Native Full-stack Product Engineer (Junior),"<a href=""https://www.jobkorea.co.kr/Recruit/GI_Read/49274752?Oem_Code=C1&amp;logpath=1&amp;stext=ai+engineer&amp;listno=12&amp;sc=630"" rel=""noopener noreferrer"" target=""_blank"" class=""mb-0.5 flex max-w-[700px] items-center gap-1.5"" data-interactive=""true"" data-sentry-element=""BaseLink"" data-sentry-component=""Title"" data-sentry-source-file=""index.tsx""><span class=""truncate font-semibold text-typo-b1-18 text-gray900"">AI-Native Full-stack Product Engineer (Junior)</span></a>"
[슈어소프트테크] 2026년 상반기 신입/경력 채용,https://www.jobkorea.co.kr/Recruit/GI_Read/48939498?Oem_Code=C1&logpath=1&stext=ai+engineer&listno=13&sc=630,mb-0.5 flex max-w-[700px] items-center gap-1.5,[슈어소프트테크] 2026년 상반기 신입/경력 채용,"<a href=""https://www.jobkorea.co.kr/Recruit/GI_Read/48939498?Oem_Code=C1&amp;logpath=1&amp;stext=ai+engineer&amp;listno=13&amp;sc=630"" rel=""noopener noreferrer"" target=""_blank"" class=""mb-0.5 flex max-w-[700px] items-center gap-1.5"" data-interactive=""true"" data-sentry-element=""BaseLink"" data-sentry-component=""Title"" data-sentry-source-file=""index.tsx""><span class=""truncate font-semibold text-typo-b1-18 text-gray900"">[슈어소프트테크] 2026년 상반기 신입/경력 채용</span></a>"
스마트팜 AI·IoT 현장 기술 엔지니어 (H/W·S/W),https://www.jobkorea.co.kr/Recruit/GI_Read/49149292?Oem_Code=C1&logpath=1&stext=ai+engineer&listno=14&sc=630,mb-0.5 flex max-w-[700px] items-center gap-1.5,스마트팜 AI·IoT 현장 기술 엔지니어 (H/W·S/W),"<a href=""https://www.jobkorea.co.kr/Recruit/GI_Read/49149292?Oem_Code=C1&amp;logpath=1&amp;stext=ai+engineer&amp;listno=14&amp;sc=630"" rel=""noopener noreferrer"" target=""_blank"" class=""mb-0.5 flex max-w-[700px] items-center gap-1.5"" data-interactive=""true"" data-sentry-element=""BaseLink"" data-sentry-component=""Title"" data-sentry-source-file=""index.tsx""><span class=""truncate font-semibold text-typo-b1-18 text-gray900"">스마트팜 AI·IoT 현장 기술 엔지니어 (H/W·S/W)</span></a>"
2026년 신입/경력 모집공고,https://www.jobkorea.co.kr/Recruit/GI_Read/49031276?Oem_Code=C1&logpath=1&stext=ai+engineer&listno=15&sc=630,mb-0.5 flex max-w-[700px] items-center gap-1.5,2026년 신입/경력 모집공고,"<a href=""https://www.jobkorea.co.kr/Recruit/GI_Read/49031276?Oem_Code=C1&amp;logpath=1&amp;stext=ai+engineer&amp;listno=15&amp;sc=630"" rel=""noopener noreferrer"" target=""_blank"" class=""mb-0.5 flex max-w-[700px] items-center gap-1.5"" data-interactive=""true"" data-sentry-element=""BaseLink"" data-sentry-component=""Title"" data-sentry-source-file=""index.tsx""><span class=""truncate font-semibold text-typo-b1-18 text-gray900"">2026년 신입/경력 모집공고</span></a>"
AI 및 라이브 기반 반려동물 양육 플랫폼 데이터엔지니어 개발자 채용,https://www.jobkorea.co.kr/Recruit/GI_Read/49265521?Oem_Code=C1&logpath=1&stext=ai+engineer&listno=16&sc=630,mb-0.5 flex max-w-[700px] items-center gap-1.5,AI 및 라이브 기반 반려동물 양육 플랫폼 데이터엔지니어 개발자 채용,"<a href=""https://www.jobkorea.co.kr/Recruit/GI_Read/49265521?Oem_Code=C1&amp;logpath=1&amp;stext=ai+engineer&amp;listno=16&amp;sc=630"" rel=""noopener noreferrer"" target=""_blank"" class=""mb-0.5 flex max-w-[700px] items-center gap-1.5"" data-interactive=""true"" data-sentry-element=""BaseLink"" data-sentry-component=""Title"" data-sentry-source-file=""index.tsx""><span class=""truncate font-semibold text-typo-b1-18 text-gray900"">AI 및 라이브 기반 반려동물 양육 플랫폼  데이터엔지니어 개발자 채용</span></a>"
(주)엠엑스로보틱스 반도체CS(이천) 담당자 채용,https://www.jobkorea.co.kr/Recruit/GI_Read/49248917?Oem_Code=C1&logpath=1&stext=ai+engineer&listno=17&sc=630,mb-0.5 flex max-w-[700px] items-center gap-1.5,(주)엠엑스로보틱스 반도체CS(이천) 담당자 채용,"<a href=""https://www.jobkorea.co.kr/Recruit/GI_Read/49248917?Oem_Code=C1&amp;logpath=1&amp;stext=ai+engineer&amp;listno=17&amp;sc=630"" rel=""noopener noreferrer"" target=""_blank"" class=""mb-0.5 flex max-w-[700px] items-center gap-1.5"" data-interactive=""true"" data-sentry-element=""BaseLink"" data-sentry-component=""Title"" data-sentry-source-file=""index.tsx""><span class=""truncate font-semibold text-typo-b1-18 text-gray900"">(주)엠엑스로보틱스 반도체CS(이천) 담당자 채용</span></a>"
"[서울] AI 개발 담당자(신입,경력)",https://www.jobkorea.co.kr/Recruit/GI_Read/49190349?Oem_Code=C1&logpath=1&stext=ai+engineer&listno=18&sc=630,mb-0.5 flex max-w-[700px] items-center gap-1.5,"[서울] AI 개발 담당자(신입,경력)","<a href=""https://www.jobkorea.co.kr/Recruit/GI_Read/49190349?Oem_Code=C1&amp;logpath=1&amp;stext=ai+engineer&amp;listno=18&amp;sc=630"" rel=""noopener noreferrer"" target=""_blank"" class=""mb-0.5 flex max-w-[700px] items-center gap-1.5"" data-interactive=""true"" data-sentry-element=""BaseLink"" data-sentry-component=""Title"" data-sentry-source-file=""index.tsx""><span class=""truncate font-semibold text-typo-b1-18 text-gray900"">[서울] AI 개발 담당자(신입,경력)</span></a>"
[누리플렉스] R&D그룹 전략개발팀 인재 채용,https://www.jobkorea.co.kr/Recruit/GI_Read/49233143?Oem_Code=C1&logpath=1&stext=ai+engineer&listno=19&sc=630,mb-0.5 flex max-w-[700px] items-center gap-1.5,[누리플렉스] R&D그룹 전략개발팀 인재 채용,"<a href=""https://www.jobkorea.co.kr/Recruit/GI_Read/49233143?Oem_Code=C1&amp;logpath=1&amp;stext=ai+engineer&amp;listno=19&amp;sc=630"" rel=""noopener noreferrer"" target=""_blank"" class=""mb-0.5 flex max-w-[700px] items-center gap-1.5"" data-interactive=""true"" data-sentry-element=""BaseLink"" data-sentry-component=""Title"" data-sentry-source-file=""index.tsx""><span class=""truncate font-semibold text-typo-b1-18 text-gray900"">[누리플렉스] R&amp;D그룹 전략개발팀 인재 채용</span></a>"
[클라우드네트웍스] 네트워크엔지니어(L4/L7) 모집 (신입/경력),https://www.jobkorea.co.kr/Recruit/GI_Read/49146135?Oem_Code=C1&logpath=1&stext=ai+engineer&listno=20&sc=630,mb-0.5 flex max-w-[700px] items-center gap-1.5,[클라우드네트웍스] 네트워크엔지니어(L4/L7) 모집 (신입/경력),"<a href=""https://www.jobkorea.co.kr/Recruit/GI_Read/49146135?Oem_Code=C1&amp;logpath=1&amp;stext=ai+engineer&amp;listno=20&amp;sc=630"" rel=""noopener noreferrer"" target=""_blank"" class=""mb-0.5 flex max-w-[700px] items-center gap-1.5"" data-interactive=""true"" data-sentry-element=""BaseLink"" data-sentry-component=""Title"" data-sentry-source-file=""index.tsx""><span class=""truncate font-semibold text-typo-b1-18 text-gray900"">[클라우드네트웍스] 네트워크엔지니어(L4/L7) 모집 (신입/경력)</span></a>"
