company,url,iframe_jd_text,main_jd_text,json_ld,status,error
㈜브이티코스메틱,https://www.jobkorea.co.kr/Recruit/GI_Read/49349004,"모집부문
상세내용
공통 자격요건
학력 : 전문학사 이상
포토그래퍼
[담당업무]
고객 경험 개선 및 VOC 관리
- CX 운영 프로세스 설계 및 표준화
- 고객 응대 품질 기준 수립 및 개선
- 외주 고객센터 운영 관리
- 큐텐, 아마존, 쇼피 등 글로벌 CS 및 CX 리드
- 온라인몰, 오픈마켓, SNS 등 고객 경험 개선
- 고객 불만 및 VOC 분석을 통한 개선사항 도출
- 고객 클레임 및 이슈 처리 프로세스 운영
- 고객 만족도 향상을 위한 서비스 정책 수립 및 개선
- 서비스 KPI 관리 및 성과 모니터링
[자격요건]
- 경력 : 2년 이상
- CX, CS, 고객서비스 관련 업무 경력 보유자
- 원활한 커뮤니케이션 및 문제 해결 능력 보유자
- 고객 중심 사고 및 서비스 마인드 보유자
- MS Office (Excel, PowerPoint 등) 활용 가능자
- 데이터 분석 및 보고서 작성 능력 보유자
[우대조건]
- 화장품, 뷰티, 소비재(FMCG) 업계 경력자
- 온라인몰 및 오픈마켓 운영 경험 보유자
- VOC 분석 및 고객경험 개선 프로젝트 수행 경험 보유자
- CRM, ERP, 고객상담 시스템 활용 경험 보유자
- 영어 커뮤니케이션 가능자(이메일 작성 및 해외 고객 응대 가능 수준)
- 고객 데이터 분석 및 KPI 관리 경험 보유자","모집요강
모집분야
CX
모집인원
○
명
고용형태
정규직
(수습 3개월)
급여
회사 내규에 따름 (면접 후 결정)
근무시간
주5일(월~금)
09:30 ~ 18:30
근무지주소
서울 강남구 대치동 966-5 신사에스앤지
지도보기

지원자격
경력
경력
(2년이상)
학력
초대졸이상
스킬

접수기간 · 방법
마감일은 기업의 사정으로 인해 조기 마감 또는 변경될 수 있습니다

기업 정보
기업정보 더보기
사원수
51 ~ 300명 이하
기업구분
중소기업 (비상장)
산업(업종)
뷰티·미용
지도보기
위치
서울 강남구 삼성로76길 23 (대치동) VT코스메틱

복리후생
기타 복리후생
생일자 조기퇴근, 웰컴키트 지급","{
  ""@context"": ""https://schema.org"",
  ""@type"": ""JobPosting"",
  ""title"": ""[VT코스메틱/리들샷] 물류관리(CX) 채용"",
  ""description"": ""㈜브이티코스메틱에서 정규직 경력 채용을 진행합니다. 근무지는 서울 강남구 대치동이며, 자세한 조건은 공고를 통해 확인할 수 있습니다."",
  ""datePosted"": ""2026-06-10"",
  ""validThrough"": ""2026-07-10T23:59"",
  ""employmentType"": ""FULL_TIME"",
  ""experienceRequirements"": ""경력"",
  ""educationRequirements"": ""초대졸 이상"",
  ""directApply"": true,
  ""hiringOrganization"": {
    ""@type"": ""Organization"",
    ""name"": ""㈜브이티코스메틱""
  },
  ""jobLocation"": {
    ""@type"": ""Place"",
    ""address"": {
      ""@type"": ""PostalAddress"",
      ""streetAddress"": ""서울 강남구 대치동 966-5 신사에스앤지""
    }
  },
  ""identifier"": {
    ""@type"": ""PropertyValue"",
    ""name"": ""JobKorea"",
    ""value"": ""49349004""
  },
  ""url"": ""https://www.jobkorea.co.kr/Recruit/GI_Read/49349004""
}",success,
㈜알리코,https://www.jobkorea.co.kr/Recruit/GI_Read/49349005,"㈜알리코
케이팝 해외쇼핑몰 물류담당자
[회사소개]
저희는 K-pop 앨범과 굿즈를 전 세계로 수출하며 한류 열풍의 중심에서 활약하고 있는 무역 기업입니다.
동탄에 위치한 저희 회사는 설립된 지 5년 남짓한 짧은 시간 동안, 빠르게 변화하는 글로벌 시장 속에서 꾸준히 입지를 다져가고 있습니다.
비록 아직 작은 규모의 회사지만, K-pop의 글로벌 인기를 바탕으로 최고의 역량을 가진 회사로 나아가기 위해 끊임없이 도전하고 혁신하고 있습니다.
저희는 단순히 상품을 수출하는 것에 그치지 않고, 한국 대중문화를 전 세계에 전파하며 고객의 기대를 뛰어넘는 경험을 제공하는 것을 목표로 하고 있습니다.
[회사 문화]
우리 회사는 이런 조직 문화를 지향합니다.
ㆍ자유로운 소통: 직원 간 활발히 의견을 교환하며, 아이디어를 존중합니다.
ㆍ수평적 구조: 모든 직원을 ‘님’으로 부르며, 나이와 직급에 상관없이 상호 존중합니다.
ㆍ도전과 성장: 새로운 아이디어를 시도하고, 실패를 두려워하지 않는 환경을 만듭니다.
ㆍ사람 중심의 성장: 모든 일의 중심은 사람이며, 개인의 성장을 지원합니다.
[우리가 찾는 사람]
비전을 공유하고 함께 성장할 팀원을 찾고 있습니다.
ㆍ한국문화 전파자: Kpop을 포함한 한국의 우수한 문화를 전세계에 알리는 것에 함께 하고 싶은 분.
ㆍ배우려는 열정: 새로운 업무와 도전을 즐기며, 빠르게 적응하고 성장하고자 하는 분.
ㆍ문제 해결 능력: 어려운 상황에서도 포기하지 않고 끈기 있게 문제를 해결하는 분.
ㆍ글로벌 감각: 글로벌 환경에서 성장하고자 하는 의지와 마음가짐을 가진 분.
포지션 및 자격요건
물류 담당자
( 1명 )
담당업무
ㆍ제품 입출고 관리
ㆍ제품 재고 관리
ㆍ창고 관리
ㆍ재고 실사
ㆍ제품 검수
자격요건
ㆍ학력 : 무관
ㆍ경력 : 무관
ㆍ영어 단어의 읽기, 쓰기가 가능한 분
ㆍ10~20kg 제품 박스를 들거나 옮길수 있는 분
ㆍ꼼꼼하게 수량 확인 및 검수 가능한 분
우대사항
ㆍ물류 현장 경험자
고용형태
ㆍ정규직 (수습기간 3개월, 수습기간 중 급여 100% 지급)
근무시간
ㆍ주 5일(월~금요일) / 09:30 ~ 18:30 (점심시간 11:30 ~ 12:30)
전형절차
ㆍ서류전형 > 1차면접 > 최종합격
ㆍ면접일정은 추후 통보됩니다.
유의사항
ㆍ허위사실이 발견될 경우 채용이 취소될 수 있습니다.","모집요강
모집분야
케이팝 해외쇼핑몰 물류담당자
모집인원
1
명
고용형태
정규직
(수습 3개월)
급여
회사 내규에 따름 (면접 후 결정)
근무시간
주5일(월~금)
09:30 ~ 18:30
근무지주소
경기 화성시 동탄대로 635 (영천동, SHTIMESQUAREⅠ) 606호
지도보기

지원자격
경력
신입
학력
학력무관
스킬

접수기간 · 방법
마감일은 기업의 사정으로 인해 조기 마감 또는 변경될 수 있습니다

기업 정보
기업정보 더보기
사원수
50명 이하
기업구분
중소기업 (비상장)
산업(업종)
무역·상사
지도보기
위치
경기 화성시 동탄대로 635 (영천동, SHTIMESQUAREⅠ) 606호","{
  ""@context"": ""https://schema.org"",
  ""@type"": ""JobPosting"",
  ""title"": ""케이팝 해외쇼핑몰 물류담당자"",
  ""description"": ""㈜알리코에서 정규직 신입 채용을 진행합니다. 근무지는 경기 화성시 동탄대로 635 (영천동, SHTIMESQUAREⅠ)이며, 자세한 조건은 공고를 통해 확인할 수 있습니다."",
  ""datePosted"": ""2026-06-10"",
  ""validThrough"": ""2026-07-10T23:59"",
  ""employmentType"": ""FULL_TIME"",
  ""experienceRequirements"": ""신입"",
  ""educationRequirements"": ""학력무관"",
  ""directApply"": true,
  ""hiringOrganization"": {
    ""@type"": ""Organization"",
    ""name"": ""㈜알리코""
  },
  ""jobLocation"": {
    ""@type"": ""Place"",
    ""address"": {
      ""@type"": ""PostalAddress"",
      ""streetAddress"": ""경기 화성시 동탄대로 635 (영천동, SHTIMESQUAREⅠ) 606호""
    }
  },
  ""identifier"": {
    ""@type"": ""PropertyValue"",
    ""name"": ""JobKorea"",
    ""value"": ""49349005""
  },
  ""url"": ""https://www.jobkorea.co.kr/Recruit/GI_Read/49349005""
}",success,
,https://www.jobkorea.co.kr/Recruit/GI_Read/49349006,,,,fail,HTTP status code 404
검색,https://www.jobkorea.co.kr/Recruit/GI_Read/49349007,"1.
주요업무
- 의료기기 국내/외 인허가 총괄
(영상진단장비 외)
- 한국, 중국, 유럽, 미국, 동남아, 중동 등 인허가 총괄
2. 지원자격 및 우대사항
- 학력: 학사(4년) 이상
- 경력: 8년 이상
- 3등급 이상 제품 인허가 경험 필수
-
주요 국가 인증경험 필수
- MDD, MDR, FDA, NMPA 등 대응경험 우대
3. 우대사항
- 어학능력 우수
- 고위험군 의료기기 경력자 우대",,,success,
㈜앳홈,https://www.jobkorea.co.kr/Recruit/GI_Read/49349008,#재무회계 #관리회계 #결산프로세스 #ERP구축 #손익분석 #재무기획 #시니어재무담당자 #예산관리 #재무데이터분석 #관리손익,"모집요강
모집분야
시니어 재무 담당자
모집인원
○
명
고용형태
정규직
(수습 3개월)
급여
회사 내규에 따름 (면접 후 결정)
근무시간
주5일(월~금)
09:00 ~ 18:00
탄력근무제
근무지주소
서울 성동구 왕십리로 125 (성수동1가, KD타워) 패스트파이브 6층
지도보기
인근지하철

지원자격
경력
경력
(5년이상)
학력
학력무관

접수기간 · 방법
마감일은 기업의 사정으로 인해 조기 마감 또는 변경될 수 있습니다

기업 정보
기업정보 더보기
사원수
51 ~ 300명 이하
기업구분
중소기업 (비상장)
산업(업종)
쇼핑몰·오픈마켓·소셜커머스
지도보기
위치
서울 성동구 아차산로 6 (성수동1가, 누디트서울숲) 6, 7층","{
  ""@context"": ""https://schema.org"",
  ""@type"": ""JobPosting"",
  ""title"": ""[앳홈] 시니어 재무 담당자"",
  ""description"": ""㈜앳홈에서 정규직 경력 채용을 진행합니다. 근무지는 서울 성동구 왕십리로 125 (성수동1가, KD타워)이며, 자세한 조건은 공고를 통해 확인할 수 있습니다."",
  ""datePosted"": ""2026-06-10"",
  ""validThrough"": ""2026-08-09T23:59"",
  ""employmentType"": ""FULL_TIME"",
  ""experienceRequirements"": ""경력"",
  ""educationRequirements"": ""학력무관"",
  ""directApply"": true,
  ""hiringOrganization"": {
    ""@type"": ""Organization"",
    ""name"": ""㈜앳홈""
  },
  ""jobLocation"": {
    ""@type"": ""Place"",
    ""address"": {
      ""@type"": ""PostalAddress"",
      ""streetAddress"": ""서울 성동구 왕십리로 125 (성수동1가, KD타워) 패스트파이브 6층""
    }
  },
  ""identifier"": {
    ""@type"": ""PropertyValue"",
    ""name"": ""JobKorea"",
    ""value"": ""49349008""
  },
  ""url"": ""https://www.jobkorea.co.kr/Recruit/GI_Read/49349008""
}",success,
㈜에프앤엘코퍼레이션,https://www.jobkorea.co.kr/Recruit/GI_Read/49349009,,"모집요강
모집분야
HR&GA Team - 채용 담당
모집인원
○
명
고용형태
정규직
(수습 3개월)
급여
회사 내규에 따름 (면접 후 결정)
근무시간
주5일(월~금)
09:00 ~ 18:00
근무지주소
서울 영등포구 영등포로 150 (당산동1가, 생각공장당산) C동 14층
지도보기
인근지하철

지원자격
경력
경력
(4년이상)
학력
학력무관

접수기간 · 방법
마감일은 기업의 사정으로 인해 조기 마감 또는 변경될 수 있습니다

기업 정보
기업정보 더보기
사원수
51 ~ 300명 이하
기업구분
중소기업 (비상장)
산업(업종)
기타 비알코올 음료 제조업
지도보기
위치
서울 영등포구 영등포로 150 (당산동1가, 생각공장당산) C동 14층

복리후생
기타 복리후생
회의실, 간식 제공, 음료제공(차, 커피), 사무용품 지급, 최고 성능 컴퓨터","{
  ""@context"": ""https://schema.org"",
  ""@type"": ""JobPosting"",
  ""title"": ""[경영지원] HR&GA Team - 채용 담당"",
  ""description"": ""㈜에프앤엘코퍼레이션에서 정규직 경력 채용을 진행합니다. 근무지는 서울 영등포구 영등포로 150 (당산동1가, 생각공장당산)이며, 자세한 조건은 공고를 통해 확인할 수 있습니다."",
  ""datePosted"": ""2026-06-10"",
  ""validThrough"": ""2026-07-10T23:59"",
  ""employmentType"": ""FULL_TIME"",
  ""experienceRequirements"": ""경력"",
  ""educationRequirements"": ""학력무관"",
  ""directApply"": true,
  ""hiringOrganization"": {
    ""@type"": ""Organization"",
    ""name"": ""㈜에프앤엘코퍼레이션""
  },
  ""jobLocation"": {
    ""@type"": ""Place"",
    ""address"": {
      ""@type"": ""PostalAddress"",
      ""streetAddress"": ""서울 영등포구 영등포로 150 (당산동1가, 생각공장당산) C동 14층""
    }
  },
  ""identifier"": {
    ""@type"": ""PropertyValue"",
    ""name"": ""JobKorea"",
    ""value"": ""49349009""
  },
  ""url"": ""https://www.jobkorea.co.kr/Recruit/GI_Read/49349009""
}",success,
에이치디현대일렉트릭,https://www.jobkorea.co.kr/Recruit/GI_Read/49349010,"에이치디현대일렉트릭
사무행정보조(공무) 기간제 모집(평택/용인)
포지션 및 자격요건
사무행정 보조
주요업무
ㆍ공사현장 공무(작업 허가서, 공사보고자료, 작업계획서, 주간 검측계획, 공도구 점검,
입고/시공/완공/완성검사 서류, 시험성적서 자료취합/제출, 고객 CQI 자료 관리 外)
우대요건
ㆍ공사현장 공무 유경험자
ㆍ반도체 현장(삼성전자, sk하이닉스) 유경험자
기타사항
ㆍ접수기간 :
2026. 06. 08 ~ 2026. 06. 14 23:00
ㆍ접수방법 :
당사 채용 홈페이지 지원
ㆍ자세한 상세요강은 반드시 채용 홈페이지에서 직접 확인해 주시기 바랍니다.
기업 채용 홈페이지 바로가기 click","모집요강
모집분야
사무행정 보조
모집인원
○
명
고용형태
계약직
급여
회사 내규에 따름

지원자격
경력
신입

접수기간 · 방법
마감일은 기업의 사정으로 인해 조기 마감 또는 변경될 수 있습니다

기업 정보
기업정보 더보기
사원수
1,001 ~ 10,000명 이하
기업구분
대기업 (코스피)
산업(업종)
변압기 제조업
위치
경기 성남시 분당구 분당수서로 477 (정자동) -","{
  ""@context"": ""https://schema.org"",
  ""@type"": ""JobPosting"",
  ""title"": ""사무행정보조(공무) 기간제 모집(평택/용인)"",
  ""description"": ""에이치디현대일렉트릭에서 계약직 신입 채용을 진행합니다. 근무지는 이며, 자세한 조건은 공고를 통해 확인할 수 있습니다."",
  ""datePosted"": ""2026-06-08"",
  ""validThrough"": ""2026-06-14T23:00"",
  ""employmentType"": ""CONTRACTOR"",
  ""experienceRequirements"": ""신입"",
  ""educationRequirements"": ""학력무관"",
  ""directApply"": true,
  ""hiringOrganization"": {
    ""@type"": ""Organization"",
    ""name"": ""에이치디현대일렉트릭""
  },
  ""jobLocation"": {
    ""@type"": ""Place"",
    ""address"": {
      ""@type"": ""PostalAddress""
    }
  },
  ""identifier"": {
    ""@type"": ""PropertyValue"",
    ""name"": ""JobKorea"",
    ""value"": ""49349010""
  },
  ""url"": ""https://www.jobkorea.co.kr/Recruit/GI_Read/49349010""
}",success,
티앤테크㈜,https://www.jobkorea.co.kr/Recruit/GI_Read/49349011,"티앤테크㈜
파이프 포장 생산직원 채용
포지션 및 자격요건
파이프 포장 생산직원
( 1명 )
담당업무
ㆍ소방 배관(파이프) 포장 작업
ㆍ제품 정리 및 출고 준비
ㆍ현장 정리 및 단순 생산 보조
근무 조건
ㆍ근무시간 : 08:30 ~ 17:30
ㆍ시급 : 12,000원
지원 자격
ㆍ초보 가능
ㆍ성실하고 책임감 있으신 분
ㆍ장기 근무 가능자 우대
ㆍ인근 거주자 우대
전형절차
ㆍ서류전형 > 1차면접 > 최종합격
ㆍ면접일정은 추후 통보됩니다.
유의사항
ㆍ허위사실이 발견될 경우 채용이 취소될 수 있습니다.","모집요강
모집분야
파이프 포장 생산직원
모집인원
1
명
고용형태
정규직
(수습 3개월)
직급/직책
급여
시급 12,000원
근무시간
주5일(월~금)
08:30 ~ 05:30
야간 및 토요일 근무도 가능합니다(필요시)
근무지주소
인천 서구 보듬8로 24 (오류동, 티앤테크(주)) 티앤테크(주)
지도보기
인근지하철

지원자격
경력
경력무관
학력
학력무관
핵심역량
계획성
,
성실성
,
꼼꼼함
,
자존감
,
협동심

접수기간 · 방법
마감일은 기업의 사정으로 인해 조기 마감 또는 변경될 수 있습니다

기업 정보
기업정보 더보기
사원수
50명 이하
기업구분
중소기업 (비상장)
산업(업종)
강관 가공품 및 관 연결구류 제조업
지도보기
위치
인천 서구 보듬8로 24 (오류동, 티앤테크(주)) 티앤테크(주)","{
  ""@context"": ""https://schema.org"",
  ""@type"": ""JobPosting"",
  ""title"": ""파이프 포장 생산직원 채용"",
  ""description"": ""티앤테크㈜에서 정규직 경력무관 채용을 진행합니다. 근무지는 인천 서구 보듬8로 24 (오류동, 티앤테크(주))이며, 자세한 조건은 공고를 통해 확인할 수 있습니다."",
  ""datePosted"": ""2026-06-10"",
  ""validThrough"": ""2026-07-10T23:59"",
  ""employmentType"": ""FULL_TIME"",
  ""experienceRequirements"": ""경력무관"",
  ""educationRequirements"": ""학력무관"",
  ""directApply"": true,
  ""hiringOrganization"": {
    ""@type"": ""Organization"",
    ""name"": ""티앤테크㈜""
  },
  ""jobLocation"": {
    ""@type"": ""Place"",
    ""address"": {
      ""@type"": ""PostalAddress"",
      ""streetAddress"": ""인천 서구 보듬8로 24 (오류동, 티앤테크(주)) 티앤테크(주)""
    }
  },
  ""baseSalary"": {
    ""@type"": ""MonetaryAmount"",
    ""currency"": ""KRW"",
    ""value"": {
      ""@type"": ""QuantitativeValue"",
      ""value"": 120000000,
      ""unitText"": ""HOUR""
    }
  },
  ""identifier"": {
    ""@type"": ""PropertyValue"",
    ""name"": ""JobKorea"",
    ""value"": ""49349011""
  },
  ""url"": ""https://www.jobkorea.co.kr/Recruit/GI_Read/49349011""
}",success,
㈜강남청담에듀 위례청담어학원,https://www.jobkorea.co.kr/Recruit/GI_Read/49349012,"(연봉4000)
청담 April 교무팀장 모집(위례)
강남청담에듀는 2016년에 설립된 회사로 사원수 50명 규모의 중소기업입니다. 경기 성남시 수정구 위례광장로 320 (창곡동)에 위치하고 있으며, 어학교육,문법내신교육, 입시컨설팅사업을 하고 있습니다.
모집분야 및 자격요건
모집분야 및 자격요건
모집분야
담당업무
자격요건
교무팀장
- 수업관리
- 강의
- 학생관리
- 상담
- 학사진행
학력: 대졸이상 (졸업예정자 가능)
경력: 경력무관
100% 영어수업진행 가능 한 분
관리능력이 있는 분
성실하고 책임감 있는 분
[우대조건]
April어학원 강사출신 및 유사어학원 강의 경력자
중등 문법/내신 강의  가능한분
근무조건
근무형태 : 정규직(수습:3개월)
근무지 : 위례신도시
근무요일 : 주5일
근무시간 :
:오후 1시~오후10시
/  근무시작일 :  면접후 결정
급여 : 연봉 3,800만원 ~ 4,000만원(면접 후 결정)
전형절차
서류전형
>
1차
면접 및 시강
>
최종합격
※ 면접일정은 추후 통보됩니다.
접수방법
충원시 까지
접수방법 : 잡코리아 접수, e-메일
이력서 : 잡코리아 이력서
제출서류
이력서(사진부착/희망연봉표기), 자기소개서 제출
기타사항
허위사실이 발견될 경우 채용이 취소될 수 있습니다.
강남청담에듀
취업 준비의 시작은
에서!","모집요강
모집분야
교무팀장
모집인원
1
명
고용형태
정규직
(수습 3개월)
,
계약직
직급/직책
급여
연봉 3,800~4,000만원 (면접 후 결정)
근무시간
주5일(월~금)
13:00 ~ 22:00
근무지주소
경기 성남시 수정구 위례광장로 320 (창곡동, 아이에스센트럴타워) 7층 위례청담April 어학원
지도보기
인근지하철

지원자격
경력
경력
(3년이상)
학력
대졸이상
스킬
우대조건
기본우대
영어가능자, 영어능통자(원어민수준)

접수기간 · 방법
마감일은 기업의 사정으로 인해 조기 마감 또는 변경될 수 있습니다

기업 정보
기업정보 더보기
사원수
50명 이하
기업구분
중소기업 (비상장)
산업(업종)
외국어학원
지도보기
위치
경기 성남시 수정구 위례광장로 320 (창곡동) 위례신도시, 7층 (아이에스 센트럴타워)","{
  ""@context"": ""https://schema.org"",
  ""@type"": ""JobPosting"",
  ""title"": ""(연봉4000) 청담April어학원 교무팀장 모집 (위례)"",
  ""description"": ""㈜강남청담에듀 위례청담어학원에서 정규직 경력 채용을 진행합니다. 근무지는 경기 성남시 수정구 위례광장로 320 (창곡동, 아이에스센트럴타워)이며, 자세한 조건은 공고를 통해 확인할 수 있습니다."",
  ""datePosted"": ""2026-06-10"",
  ""validThrough"": ""2026-07-31T23:59"",
  ""employmentType"": [
    ""FULL_TIME"",
    ""CONTRACTOR""
  ],
  ""experienceRequirements"": ""경력"",
  ""educationRequirements"": ""대졸 이상"",
  ""directApply"": true,
  ""hiringOrganization"": {
    ""@type"": ""Organization"",
    ""name"": ""㈜강남청담에듀 위례청담어학원""
  },
  ""jobLocation"": {
    ""@type"": ""Place"",
    ""address"": {
      ""@type"": ""PostalAddress"",
      ""streetAddress"": ""경기 성남시 수정구 위례광장로 320 (창곡동, 아이에스센트럴타워) 7층 위례청담April 어학원""
    }
  },
  ""baseSalary"": {
    ""@type"": ""MonetaryAmount"",
    ""currency"": ""KRW"",
    ""value"": {
      ""@type"": ""QuantitativeValue"",
      ""unitText"": ""YEAR"",
      ""minValue"": 38000000,
      ""maxValue"": 40010000
    }
  },
  ""identifier"": {
    ""@type"": ""PropertyValue"",
    ""name"": ""JobKorea"",
    ""value"": ""49349012""
  },
  ""url"": ""https://www.jobkorea.co.kr/Recruit/GI_Read/49349012""
}",success,
영덕이엔지,https://www.jobkorea.co.kr/Recruit/GI_Read/49349013,"영덕이엔지
5호선 8호선 에스컬레이터 유지관리자 경력/신입채용
(주)영덕이엔지는 2002년에 설립된 회사로 자본금 3억원, 매출액 98억, 사원수 115명 규모의 고용노동부에서 선정한 중기업입니다.
승강기 설치, 보수사업을 하고 있습니다.
포지션 및 자격요건
5, 8호선 에스컬레이터
유지관리 경력/신입채용
( ○명 )
?? 주요업무
? 승강기 유지보수
? 승강기 고장수리, 설치공사
? 기술부 부서 소속으로 함께할 예정이에요.
?? 자격요건
? 경력 무관 (신입 지원 가능)
? 학력무관
?? 우대사항
? 자격증: 승강기기능사, 전기기능사, 승강기자체점검자
?? 근무조건
? 고용형태 :
정규직
(수습 3개월)  급여 100% 지급
? 급여 : 신입 250만원, 경력직 면접 후 협의
? 근무지 :
서울 강동구 천호대로 지하 1097 강동역 부근
? 근무요일/시간 : 주 5일 (월~금) 09:00~18:00 (면접 후 확정)
전형절차
ㆍ서류전형 > 면접 > 최종합격
ㆍ면접일정은 추후 통보됩니다.
유의사항
ㆍ허위사실이 발견될 경우 채용이 취소될 수 있습니다.","모집요강
모집분야
5,8호선 에스컬레이터 유지관리 경력/신입채용
모집인원
○
명
고용형태
정규직
(수습 3개월)
급여
회사 내규에 따름 (면접 후 결정)
근무시간
주5일(월~금)
09:00 ~ 18:00
근무지주소
서울 강동구 천호대로 1097 (천호동, 강동역) 부근
지도보기
인근지하철

지원자격
경력
경력무관
학력
학력무관
스킬
우대조건
자격증
,
승강기자체점검자

접수기간 · 방법
마감일은 기업의 사정으로 인해 조기 마감 또는 변경될 수 있습니다

기업 정보
기업정보 더보기
사원수
50명 이하
기업구분
중소기업 (비상장)
산업(업종)
기타 일반 기계 및 장비 수리업
지도보기
위치
인천광역시 부평구 평천로 319-3  (갈산동) 대호빌딩 3층","{
  ""@context"": ""https://schema.org"",
  ""@type"": ""JobPosting"",
  ""title"": ""5, 8호선 에스컬레이터 유지관리자 경력/신입채용"",
  ""description"": ""영덕이엔지에서 정규직 경력무관 채용을 진행합니다. 근무지는 서울 강동구 천호대로 1097 (천호동, 강동역)이며, 자세한 조건은 공고를 통해 확인할 수 있습니다."",
  ""datePosted"": ""2026-06-10"",
  ""validThrough"": ""2026-08-09T23:59"",
  ""employmentType"": ""FULL_TIME"",
  ""experienceRequirements"": ""경력무관"",
  ""educationRequirements"": ""학력무관"",
  ""directApply"": true,
  ""hiringOrganization"": {
    ""@type"": ""Organization"",
    ""name"": ""영덕이엔지""
  },
  ""jobLocation"": {
    ""@type"": ""Place"",
    ""address"": {
      ""@type"": ""PostalAddress"",
      ""streetAddress"": ""서울 강동구 천호대로 1097 (천호동, 강동역) 부근""
    }
  },
  ""identifier"": {
    ""@type"": ""PropertyValue"",
    ""name"": ""JobKorea"",
    ""value"": ""49349013""
  },
  ""url"": ""https://www.jobkorea.co.kr/Recruit/GI_Read/49349013""
}",success,
검색,https://www.jobkorea.co.kr/Recruit/GI_Read/49349014,"(주)시그마커넥트
[뷰티커머스기업] 그래픽 디자이너 채용
포지션 및 자격요건
그래픽 디자이너
( 1명 )
담당업무
■ 크리에이터 관련 다양한 프로젝트(온/오프라인) 비주얼 디자인
 - 포스터, 전단지
 - 굿즈
 - 로고, 아이콘
 - 카드뉴스, 배너, 상세페이지
■ 골든웨일즈 자체 화장품 브랜드 관련 비주얼 디자인
 - 공식 인스타 계정 콘텐츠, 상세페이지, 홈페이지
 - 광고 콘텐츠
 - 제품, 패키지 디자인
 - 온오프라인 이벤트 디자인
자격요건
- 온/오프라인 다양한 비주얼 디자인 경험이 있으신 분
 - Photoshop, illustrator 등 다양한 그래픽 디자인 툴 사용이 능숙하신 분
 - 개인의 성향과 주관보다, 이용자의 관점으로 결과물을 도출하시는 분
우대사항
- 작업 속도가 빠른 분
- 뷰티 제품 혹은 뷰티 콘텐츠에 대한 관심과 이해도가 높은 분
복리후생
품위유지비 지급
직무 교육비 및 도서비 지원
고사양 업무 장비 지급
퇴직연금 프로그램 지원
명절 선물 및 경조사비 지급
야근 교통비 지원
전형절차
ㆍ
서류전형 → 화상 실무 인터뷰 → 대면 컬처 인터뷰 → 처우협의 → 최종합격
ㆍ면접일정은 추후 통보됩니다.
유의사항
ㆍ허위사실이 발견될 경우 채용이 취소될 수 있습니다.",,,success,
